Millis,Load_Cell,Linear_Pot
102,0.0,112,0.0,122,0.0,134,0.0,144,-0.0,155,0.0,166,0.0,177,0.0,188,0.0,198,0.0,209,0.0,220,-0.0,231,-0.0,241,0.0,252,0.0,264,0.0,274,0.0,285,-0.0,295,-0.0,307,-0.0,317,-0.0,328,-0.0,338,-0.0,350,-0.0,361,-0.0,371,-0.0,382,-0.0,393,-0.0,404,0.0,414,0.0,425,0.0,436,0.0,447,0.0,458,-0.0,468,0.0,480,0.0,490,0.0,501,-0.0,512,-0.0,523,0.0,533,0.0,544,0.0,556,-0.0,566,-0.0,577,-0.0,587,-0.0,599,-0.0,609,-0.0,620,-0.0,631,-0.0,642,-0.1,653,-0.0,663,-0.0,674,-0.0,685,0.0,696,0.0,706,-0.0,717,-0.0,729,-0.0,739,-0.0,750,-0.0,760,-0.0,772,-0.0,782,-0.0,793,-0.0,803,-0.0,815,-0.0,826,-0.0,836,-0.0,847,-0.0,858,-0.0,869,-0.1,879,-0.0,890,-0.1,901,-0.0,912,-0.0,923,-0.0,933,-0.0,945,-0.0,955,-0.0,966,-0.0,976,-0.0,988,-0.0,998,-0.0,1009,-0.0,1020,-0.0,1031,-0.0,1042,-0.0,1052,-0.0,1063,-0.0,1074,-0.0,1085,-0.0,1095,-0.1,1106,-0.1,1118,-0.0,1128,-0.0,1139,-0.0,1149,0.0,1161,0.0,1171,-0.0,1182,-0.1,1192,-0.0,1204,-0.0,1215,-0.0,1225,-0.0,1236,-0.0,1247,-0.0,1258,-0.0,1268,-0.0,1280,-0.0,1291,-0.0,1301,-0.0,1312,-0.0,1323,-0.0,1334,-0.0,1344,-0.0,1355,-0.0,1366,-0.0,1377,-0.0,1387,-0.0,1398,-0.0,1410,-0.0,1420,-0.0,1431,-0.0,1441,-0.0,1453,-0.0,1463,-0.0,1474,-0.0,1485,-0.0,1496,-0.0,1507,-0.0,1517,-0.0,1528,-0.0,1539,-0.0,1550,-0.0,1560,-0.0,1571,-0.0,1583,-0.0,1593,-0.0,1604,-0.1,1614,-0.0,1626,-0.0,1636,-0.0,1647,-0.0,1657,-0.1,1669,-0.1,1680,-0.0,1690,-0.0,1701,-0.0,1712,-0.0,1723,-0.0,1733,-0.1,1744,-0.0,1755,-0.0,1766,-0.0,1777,-0.0,1787,-0.0,1799,-0.0,1809,-0.0,1820,-0.0,1830,-0.0,1842,-0.1,1852,-0.1,1863,-0.0,1874,-0.0,1885,-0.0,1896,-0.1,1906,-0.0,1917,-0.1,1928,-0.1,1939,-0.0,1949,-0.0,1960,-0.1,1972,-0.1,1982,-0.0,1993,-0.0,2003,-0.1,2015,-0.0,2025,-0.0,2036,-0.0,2046,-0.1,2058,-0.1,2069,-0.0,2079,-0.0,2091,-0.1,2101,-0.1,2112,-0.1,2122,-0.1,2134,-0.1,2144,-0.0,2155,-0.1,2166,-0.1,2177,-0.0,2188,-0.1,2198,-0.1,2209,-0.0,2220,-0.0,2231,-0.0,2241,-0.0,2252,-0.0,2264,-0.0,2274,-0.0,2285,-0.0,2295,-0.1,2307,-0.1,2317,-0.1,2328,-0.1,2338,-0.1,2350,-0.1,2361,-0.0,2371,-0.0,2382,-0.1,2393,-0.1,2404,-0.0,2414,-0.0,2425,-0.1,2436,-0.0,2447,-0.0,2458,-0.0,2468,-0.0,2480,-0.0,2490,-0.0,2501,-0.0,2511,-0.1,2523,-0.1,2533,-0.0,2544,-0.1,2555,-0.1,2566,-0.1,2577,-0.1,2587,-0.1,2598,-0.0,2609,-0.1,2620,-0.0,2630,-0.0,2641,-0.0,2653,-0.0,2663,-0.0,2674,-0.1,2684,-0.0,2696,-0.0,2706,-0.1,2717,-0.1,2727,-0.1,2739,-0.1,2750,-0.0,2760,-0.0,2771,-0.1,2782,-0.1,2793,-0.1,2803,-0.1,2814,-0.1,2825,-0.1,2836,-0.1,2847,-0.1,2857,-0.0,2869,-0.1,2879,-0.1,2890,-0.0,2900,-0.1,2912,-0.1,2922,-0.1,2933,-0.1,2945,-0.1,2955,-0.1,2966,-0.1,2976,-0.0,2988,-0.0,2998,-0.1,3009,-0.1,3019,-0.1,3031,-0.1,3042,-0.1,3052,-0.1,3063,-0.1,3074,-0.1,3085,-0.1,3095,-0.1,3106,-0.1,3117,-0.1,3128,-0.1,3139,-0.1,3149,-0.1,3161,-0.1,3171,-0.1,3182,-0.1,3192,-0.1,3204,-0.1,3214,-0.1,3225,-0.1,3236,-0.1,3247,-0.1,3258,-0.1,3268,-0.1,3279,-0.1,3290,-0.1,3301,-0.1,3311,-0.1,3322,-0.1,3334,-0.1,3344,-0.1,3355,-0.1,3365,-0.1,3377,-0.1,3387,-0.1,3398,-0.1,3408,-0.1,3420,-0.1,3431,-0.1,3441,-0.1,3452,-0.1,3463,-0.1,3474,-0.1,3484,-0.1,3495,-0.1,3506,-0.1,3517,-0.1,3528,-0.1,3538,-0.1,3550,-0.1,3560,-0.1,3571,-0.1,3581,-0.1,3593,-0.1,3603,-0.1,3614,-0.1,3625,-0.1,3636,-0.1,3647,-0.1,3657,-0.1,3668,-0.1,3679,-0.1,3690,-0.0,3700,-0.1,3712,-0.1,3723,-0.1,3733,-0.1,3744,-0.1,3755,-0.0,3766,-0.1,3776,-0.1,3787,-0.0,3799,-0.0,3809,-0.0,3820,-0.1,3830,-0.1,3842,-0.0,3852,-0.0,3863,-0.1,3873,-0.1,3885,-0.1,3896,-0.1,3906,-0.1,3917,-0.1,3928,-0.1,3939,-0.1,3949,-0.1,3960,-0.1,3971,-0.1,3982,-0.0,3993,-0.0,4003,-0.0,4015,-0.1,4025,-0.1,4036,-0.0,4046,-0.1,4058,-0.1,4068,-0.1,4079,-0.1,4090,-0.1,4101,-0.1,4112,-0.1,4122,-0.1,4133,-0.1,4144,-0.0,4155,-0.1,4165,-0.1,4176,-0.1,4188,-0.1,4198,-0.1,4209,-0.1,4219,-0.1,4231,-0.1,4241,-0.1,4252,-0.1,4262,-0.1,4274,-0.1,4285,-0.1,4295,-0.1,4306,-0.1,4317,-0.1,4328,-0.1,4338,-0.1,4349,-0.1,4360,-0.1,4371,-0.1,4382,-0.1,4392,-0.1,4404,-0.1,4414,-0.1,4425,-0.1,4435,-0.1,4447,-0.1,4457,-0.1,4468,-0.1,4480,-0.1,4490,-0.1,4501,-0.1,4511,-0.1,4523,-0.1,4533,-0.1,4544,-0.1,4555,-0.1,4566,-0.1,4577,-0.1,4587,-0.1,4598,-0.1,4609,-0.1,4620,-0.1,4630,-0.1,4641,-0.1,4653,-0.1,4663,-0.1,4674,-0.1,4684,-0.1,4696,-0.1,4706,-0.1,4717,-0.1,4727,-0.1,4739,-0.1,4750,-0.1,4760,-0.1,4771,-0.1,4782,-0.1,4793,-0.0,4803,-0.1,4814,-0.1,4825,-0.1,4836,-0.1,4847,-0.1,4857,-0.1,4869,-0.1,4879,-0.1,4890,-0.1,4900,-0.1,4912,-0.1,4922,-0.1,4933,-0.1,4944,-0.1,4955,-0.1,4966,-0.1,4976,-0.1,4987,-0.1,4998,-0.1,5009,-0.1,5019,-0.1,5030,-0.1,5042,-0.1,5052,-0.1,5063,-0.1,5073,-0.1,5085,-0.1,5095,-0.1,5106,-0.1,5116,-0.1,5128,-0.1,5139,-0.1,5149,-0.1,5160,-0.1,5171,-0.1,5182,-0.1,5192,-0.1,5203,-0.1,5214,-0.1,5225,-0.1,5236,-0.1,5246,-0.1,5258,-0.1,5268,-0.1,5279,-0.1,5289,-0.1,5301,-0.1,5311,-0.1,5322,-0.1,5334,-0.1,5344,-0.1,5355,-0.1,5365,-0.1,5377,-0.1,5387,-0.1,5398,-0.1,5408,-0.1,5420,-0.1,5431,-0.1,5441,-0.1,5452,-0.1,5463,-0.1,5474,-0.1,5484,-0.1,5495,-0.1,5506,-0.1,5517,-0.1,5528,-0.1,5538,-0.1,5550,-0.1,5560,-0.1,5571,-0.1,5581,-0.1,5593,-0.1,5603,-0.1,5614,-0.1,5625,-0.1,5636,-0.1,5647,-0.1,5657,-0.1,5668,-0.1,5679,-0.1,5690,-0.1,5700,-0.1,5711,-0.1,5723,-0.1,5733,-0.1,5744,-0.1,5754,-0.1,5766,-0.1,5776,-0.1,5787,-0.1,5798,-0.1,5809,-0.1,5820,-0.1,5830,-0.1,5841,-0.1,5852,-0.1,5863,-0.1,5873,-0.1,5884,-0.1,5896,-0.1,5906,-0.1,5917,-0.1,5927,-0.1,5939,-0.1,5949,-0.1,5960,-0.1,5970,-0.1,5982,-0.1,5993,-0.1,6003,-0.1,6014,-0.1,6025,-0.1,6036,-0.1,6046,-0.1,6057,-0.1,6068,-0.1,6079,-0.1,6090,-0.1,6100,-0.1,6112,-0.1,6122,-0.1,6133,-0.1,6144,-0.1,6155,-0.1,6165,-0.1,6176,-0.1,6188,-0.1,6198,-0.1,6209,-0.1,6219,-0.1,6231,-0.1,6241,-0.1,6252,-0.1,6262,-0.1,6274,-0.1,6285,-0.1,6295,-0.1,6306,-0.1,6317,-0.1,6328,-0.1,6338,-0.1,6349,-0.1,6360,-0.1,6371,-0.1,6382,-0.1,6392,-0.1,6404,-0.1,6414,-0.1,6425,-0.1,6435,-0.1,6447,-0.1,6457,-0.1,6468,-0.1,6479,-0.1,6490,-0.1,6501,-0.1,6511,-0.1,6522,-0.1,6533,-0.1,6544,-0.1,6554,-0.1,6565,-0.1,6577,-0.1,6587,-0.1,6598,-0.1,6608,-0.1,6620,-0.1,6630,-0.1,6641,-0.0,6651,-0.1,6663,-0.1,6674,-0.1,6684,-0.1,6695,-0.1,6706,-0.1,6717,-0.1,6727,-0.0,6738,-0.0,6749,-0.1,6760,-0.1,6771,-0.1,6781,-0.1,6793,-0.1,6803,-0.1,6814,-0.1,6824,-0.1,6836,-0.1,6846,-0.1,6857,-0.1,6868,-0.1,6879,-0.1,6890,-0.1,6900,-0.1,6912,-0.1,6922,-0.1,6933,-0.1,6943,-0.1,6955,-0.1,6966,-0.1,6976,-0.1,6987,-0.1,6998,-0.0,7009,-0.1,7019,-0.1,7030,-0.1,7042,-0.1,7052,-0.1,7063,-0.1,7073,-0.1,7085,-0.1,7095,-0.1,7106,-0.1,7116,-0.1,7128,-0.1,7139,-0.1,7149,-0.1,7160,-0.1,7171,-0.1,7182,-0.1,7192,-0.1,7203,-0.1,7214,-0.1,7225,-0.1,7236,-0.1,7246,-0.1,7258,-0.1,7268,-0.1,7279,-0.1,7289,-0.1,7301,-0.1,7311,-0.1,7322,-0.1,7333,-0.1,7344,-0.1,7355,-0.1,7365,-0.1,7376,-0.1,7387,-0.1,7398,-0.1,7408,-0.1,7419,-0.1,7431,-0.1,7441,-0.1,7452,-0.1,7462,-0.1,7474,-0.1,7484,-0.1,7495,0.0,7505,0.2,7517,0.3,7527,0.4,7538,0.4,7549,0.2,7560,-0.1,7571,-0.1,7581,-0.1,7592,-0.2,7603,-0.2,7614,-0.3,7625,-0.8,7635,-1.1,7647,-1.1,7657,-1.8,7668,-2.5,7678,-2.7,7690,-2.9,7700,-3.1,7711,-3.3,7723,-3.5,7733,-3.7,7744,-3.9,7754,-4.1,7766,-4.3,7776,-4.5,7787,-4.8,7797,-5.0,7809,-5.3,7820,-5.6,7830,-5.8,7841,-6.1,7852,-6.4,7863,-6.7,7873,-7.0,7884,-7.2,7895,-7.4,7906,-7.7,7917,-8.0,7927,-8.3,7939,-8.5,7949,-8.7,7960,-8.9,7970,-9.2,7982,-9.4,7992,-9.6,8003,-9.8,8014,-9.9,8025,-10.0,8036,-10.0,8046,-10.1,8057,-10.0,8068,-9.9,8079,-9.8,8090,-9.6,8100,-9.4,8112,-9.2,8122,-8.8,8133,-8.0,8143,-7.5,8155,-6.9,8165,-6.4,8176,-5.7,8187,-5.0,8198,-4.3,8209,-3.2,8219,-1.8,8230,-0.8,8241,0.1,8252,0.8,8262,1.1,8273,1.4,8284,1.8,8295,2.2,8306,2.9,8316,3.9,8328,5.5,8338,7.6,8349,9.8,8359,11.4,8371,13.2,8382,17.3,8392,20.0,8403,20.8,8414,21.2,8425,21.4,8435,21.4,8446,21.3,8457,21.0,8468,20.5,8479,19.9,8489,19.4,8501,18.6,8511,17.9,8522,17.3,8532,16.5,8544,15.7,8554,14.8,8565,13.7,8577,12.6,8587,11.5,8598,10.3,8608,9.1,8620,7.8,8630,6.7,8641,5.5,8651,4.4,8663,3.6,8674,2.8,8684,2.1,8695,1.3,8706,-0.2,8717,-3.6,8727,-6.8,8738,-8.0,8750,-8.4,8760,-8.9,8771,-9.4,8781,-9.9,8793,-10.4,8803,-10.7,8814,-11.0,8824,-11.2,8836,-11.2,8847,-11.3,8857,-11.4,8868,-11.5,8879,-11.6,8890,-11.5,8900,-11.1,8911,-10.6,8922,-10.2,8933,-9.9,8944,-9.6,8954,-9.1,8966,-8.5,8976,-7.9,8987,-7.4,8997,-6.9,9009,-6.2,9019,-5.6,9030,-4.9,9041,-4.1,9052,-3.0,9063,-1.6,9073,-0.6,9084,0.1,9095,0.7,9106,1.0,9116,1.4,9127,1.8,9138,2.4,9149,3.2,9160,4.4,9170,6.3,9182,9.0,9192,11.5,9203,12.7,9213,13.3,9225,16.6,9236,20.2,9246,21.0,9257,21.4,9268,21.5,9279,21.5,9289,21.3,9300,20.9,9311,20.3,9322,19.7,9333,19.2,9344,18.4,9355,17.7,9365,17.0,9376,16.2,9387,15.3,9398,14.4,9408,13.3,9419,12.2,9431,11.1,9441,9.8,9452,8.6,9462,7.5,9474,6.7,9484,5.4,9495,4.3,9505,3.6,9517,2.7,9528,1.9,9538,0.8,9549,-1.1,9560,-4.5,9571,-7.2,9581,-8.1,9592,-8.5,9603,-9.0,9614,-9.5,9625,-10.0,9635,-10.5,9647,-10.8,9657,-11.1,9668,-11.2,9678,-11.3,9690,-11.4,9701,-11.5,9711,-11.6,9722,-11.6,9733,-11.4,9744,-10.9,9754,-10.5,9765,-10.1,9776,-9.8,9787,-9.4,9798,-8.9,9808,-8.3,9820,-7.7,9830,-7.2,9841,-6.6,9851,-6.0,9863,-5.4,9873,-4.7,9884,-3.8,9895,-2.6,9906,-1.3,9917,-0.5,9927,0.1,9938,0.6,9949,1.0,9960,1.4,9970,1.9,9981,2.5,9992,3.4,10003,4.9,10014,7.0,10024,9.9,10036,12.3,10046,13.3,10057,14.3,10067,17.8,10079,20.4,10090,21.1,10100,21.5,10112,21.5,10122,21.4,10133,21.2,10143,20.7,10155,20.1,10165,19.5,10176,18.9,10187,18.1,10198,17.5,10209,16.7,10219,15.9,10230,15.0,10241,14.1,10252,13.0,10263,11.8,10273,10.7,10285,9.5,10295,8.3,10306,7.3,10316,6.3,10328,5.0,10338,4.0,10349,3.2,10359,2.5,10371,1.6,10382,0.3,10392,-2.2,10403,-5.6,10414,-7.5,10425,-8.2,10435,-8.7,10446,-9.2,10458,-9.7,10468,-10.2,10479,-10.7,10489,-10.9,10501,-11.1,10511,-11.2,10522,-11.3,10532,-11.4,10544,-11.5,10555,-11.6,10565,-11.5,10576,-11.2,10587,-10.8,10598,-10.3,10608,-10.0,10619,-9.6,10630,-9.3,10641,-8.7,10652,-8.1,10662,-7.5,10674,-7.0,10684,-6.4,10695,-5.8,10705,-5.1,10717,-4.4,10727,-3.5,10738,-2.1,10749,-1.0,10760,-0.3,10771,0.3,10781,0.7,10792,1.1,10803,1.5,10814,2.1,10824,2.7,10835,3.8,10847,5.3,10857,7.7,10868,10.4,10878,12.6,10890,13.8,10900,15.1,10911,18.6,10923,20.8,10933,21.3,10944,21.6,10954,21.6,10966,21.4,10976,21.1,10987,20.6,10997,20.0,11009,19.4,11020,18.6,11030,17.8,11041,17.2,11052,16.5,11063,15.7,11073,14.7,11084,13.7,11095,12.6,11106,11.4,11117,10.2,11127,9.1,11139,8.0,11149,7.2,11160,6.0,11170,4.7,11182,3.9,11192,3.1,11203,2.3,11214,1.2,11225,-0.3,11236,-3.2,11246,-6.5,11257,-7.9,11268,-8.4,11279,-8.9,11290,-9.4,11300,-9.9,11312,-10.4,11322,-10.8,11333,-11.0,11343,-11.2,11355,-11.3,11365,-11.3,11376,-11.4,11387,-11.6,11398,-11.6,11409,-11.5,11419,-11.1,11430,-10.6,11441,-10.2,11452,-9.9,11462,-9.6,11473,-9.1,11485,-8.4,11495,-7.9,11506,-7.4,11516,-6.8,11528,-6.2,11538,-5.6,11549,-4.9,11560,-4.1,11571,-3.0,11582,-1.6,11592,-0.8,11603,-0.1,11614,0.5,11625,0.9,11635,1.3,11646,1.8,11658,2.4,11668,3.2,11679,4.4,11689,6.2,11701,8.4,11711,10.6,11722,12.4,11732,14.9,11744,18.9,11755,20.5,11765,21.0,11777,21.4,11787,21.5,11798,21.5,11808,21.3,11820,20.8,11830,20.3,11841,19.7,11852,19.1,11863,18.3,11874,17.6,11884,16.9,11895,16.1,11906,15.3,11917,14.3,11928,13.3,11938,12.1,11950,11.0,11960,9.8,11971,8.6,11981,7.5,11993,6.5,12003,5.2,12014,4.1,12024,3.4,12036,2.6,12047,1.7,12057,0.5,12068,-1.7,12079,-5.0,12090,-7.3,12100,-8.1,12111,-8.6,12123,-9.1,12133,-9.6,12144,-10.1,12154,-10.6,12166,-10.9,12176,-11.1,12187,-11.2,12197,-11.3,12209,-11.4,12220,-11.5,12230,-11.6,12241,-11.6,12252,-11.3,12263,-10.8,12273,-10.4,12284,-10.1,12295~~
-1.2,12436,-0.5,12446,0.2,12457,0.6,12468,1.0,12479,1.5,12489,2.0,12500,2.7,12512,3.6,12522,5.1,12533,7.4,12544,10.1,12555,12.5,12565,14.1,12576,14.9,12587,17.7,12598,20.5,12609,21.2,12619,21.5,12631,21.5,12641,21.4,12652,21.1,12662,20.6,12674,20.1,12684,19.4,12695,18.7,12706,18.0,12717,17.4,12728,16.6,12738,15.8,12749,14.9,12760,13.9,12771,12.8,12782,11.7,12792,10.5,12804,9.3,12814,8.1,12825,7.2,12835,6.1,12847,4.8,12857,3.9,12868,3.1,12878,2.3,12890,1.3,12901,-0.1,12911,-2.8,12922,-6.1,12933,-7.7,12944,-8.3,12954,-8.8,12965,-9.3,12977,-9.8,12987,-10.3,12998,-10.7,13008,-11.0,13020,-11.1,13030,-11.2,13041,-11.3,13051,-11.4,13063,-11.6,13074,-11.6,13084,-11.5,13095,-11.2,13106,-10.7,13117,-10.3,13127,-9.9,13138,-9.6,13149,-9.2,13160,-8.5,13171,-8.0,13181,-7.5,13193,-6.9,13203,-6.3,13214,-5.7,13224,-5.0,13236,-4.3,13246,-3.3,13257,-1.8,13268,-0.9,13279,-0.3,13290,0.3,13300,0.8,13312,1.2,13322,1.6,13333,2.2,13344,3.0,13355,4.1,13366,5.9,13376,8.5,13387,11.6,13398,13.2,13409,13.7,13419,16.2,13430,19.9,13442,20.9,13452,21.4,13463,21.5,13473,21.5,13485,21.3,13495,20.9,13506,20.4,13516,19.8,13528,19.2,13539,18.4,13549,17.7,13560,17.1,13571,16.3,13582,15.4,13592,14.4,13603,13.4,13614,12.3,13625,11.2,13636,10.0,13646,8.7,13658,7.6,13668,6.7,13679,5.4,13689,4.2,13701,3.5,13711,2.6,13722,1.8,13733,0.8,13744,-1.0,13755,-4.3,13765,-7.0,13776,-8.0,13787,-8.5,13798,-8.9,13809,-9.4,13819,-10.0,13831,-10.6,13841,-10.8,13852,-11.0,13862,-11.2,13874,-11.3,13885,-11.4,13895,-11.5,13906,-11.6,13917,-11.6,13928,-11.4,13938,-11.0,13949,-10.5,13960,-10.1,13971,-9.8,13981,-9.5,13992,-8.9,14004,-8.2,14014,-7.8,14025,-7.2,14035,-6.7,14047,-6.1,14057,-5.4,14068,-4.7,14080,-3.9,14090,-2.7,14101,-1.3,14111,-0.6,14123,-0.0,14133,0.5,14144,0.9,14154,1.3,14166,1.8,14177,2.5,14187,3.4,14198,4.9,14209,7.1,14220,10.1,14230,12.4,14241,13.4,14252,14.5,14263,18.2,14274,20.5,14284,21.1,14296,21.5,14306,21.5,14317,21.4,14327,21.1,14339,20.7,14349,20.1,14360,19.5,14371,18.8,14382,18.1,14393,17.4,14403,16.7,14414,15.9,14425,15.0,14436,14.0,14447,12.9,14457,11.8,14469,10.6,14479,9.4,14490,8.2,14500,7.3,14512,6.3,14522,4.9,14533,3.9,14544,3.2,14555,2.3,14566,1.4,14576,0.1,14587,-2.4,14598,-5.8,14609,-7.6,14619,-8.2,14630,-8.7,14642,-9.2,14652,-9.6,14663,-10.2,14673,-10.7,14685,-10.9,14695,-11.1,14706,-11.2,14716,-11.3,14728,-11.4,14739,-11.5,14749,-11.6,14760,-11.6,14771,-11.2,14782,-10.8,14792,-10.4,~~
-2.0,14944,-0.9,14955,-0.4,14965,0.2,14977,0.7,14987,1.1,14998,1.5,15008,2.1,15020,2.8,15031,4.0,15041,5.7,15052,8.3,15063,11.2,15074,13.0,15084,13.8,15095,15.9,15106,19.5,15117,20.8,15128,21.3,15138,21.5,15150,21.5,15160,21.3,15171,21.0,15181,20.4,15193,19.8,15204,19.2,15214,18.5,15225,17.7,15236,17.1,15247,16.3,15257,15.5,15268,14.6,15279,13.5,15290,12.4,15301,11.3,15311,10.1,15323,8.9,15333,7.7,15344,6.9,15354,5.7,15366,4.5,15376,3.6,15387,2.8,15398,1.9,15409,0.8,15420,-0.9,15430,-4.0,15441,-6.9,15452,-7.9,15463,-8.5,15473,-8.9,15484,-9.4,15496,-9.9,15506,-10.5,15517,-10.8,15527,-11.0,15539,-11.2,15549,-11.2,15560,-11.3,15571,-11.5,15582,-11.6,15593,-11.6,15603,-11.4,15614,-11.0,15625,-10.6,15636,-10.2,15646,-9.8,15657,-9.5,15668,-9.0,15679,-8.3,15690,-7.8,15700,-7.3,15712,-6.7,15722,-6.1,15733,-5.5,15744,-4.8,15755,-4.0,15765,-2.9,15776,-1.4,15788,-0.7,15798,-0.1,15809,0.4,15819,0.8,15831,1.3,15841,1.8,15852,2.4,15863,3.3,15874,4.6,15885,6.7,15895,9.7,15906,12.4,15917,13.6,15928,14.4,15938,17.7,15949,20.4,15961,21.0,15971,21.4,15982,21.4,15992,21.4,16004,21.2,16014,20.7,16025,20.2,16035,19.6,16047,18.9,16058,18.1,16068,17.5,16079,16.8,16090,16.0,16101,15.1,16111,14.1,16122,13.0,16133,11.9,16144,10.8,16155,9.5,16165,8.3,16177,7.3,16187,6.2,16198,4.8,16208,3.9,16220,3.2,16230,2.3,16241,1.5,16252,0.3,16263,-2.0,16274,-5.4,16284,-7.5,16295,-8.2,16306,-8.6,16317,-9.1,16327,-9.7,16338,-10.2,16350,-10.6,16360,-10.9,16371,-11.1,16381,-11.2,16393,-11.2,16403,-11.3,16414,-11.5,16425,-11.6,16436,-11.5,16447,-11.2,16457,-10.8,16468,-10.3,16479,-10.0,16490,-9.7,16500,-9.3,16512,-8.7,16523,-8.1,16533,-7.6,16544,-7.1,16555,-6.5,16566,-5.8,16576,-5.2,16587,-4.5,16598,-3.6,16609,-2.2,16620,-1.0,16630,-0.5,16642,0.1,16652,0.6,16663,1.0,16673,1.4,16685,2.0,16695,2.7,16706,3.8,16717,5.4,16728,8.0,16739,11.4,16749,13.6,16760,13.9,16771,14.7,16782,18.6,16792,20.7,16803,21.2,16815,21.5,16825,21.4,16836,21.3,16846,21.0,16858,20.5,16868,19.9,16879,19.3,16889,18.5,16901,17.8,16912,17.2,16922,16.4,16933,15.6,16944,14.7,16955,13.7,16965,12.5,16976,11.4,16987,10.2,16998,9.0,17009,7.8,17019,7.0,17031,5.8,17041,4.5,17052,3.7,17062,3.0,17074,2.0,17084,1.0,17095,-0.5,17106,-3.5,17117,-6.6,17128,-7.9,17138,-8.4,17149,-8.9,17160,-9.3,17171,-9.8,17181,-10.4,17192,-10.8,17204,-11.0,17214,-11.2,17225,-11.2,17235,-11.3,17247,-11.4,17257,-11.6,17268,-11.6,17280,-11.4,17290,-11.0,17301,-10.5,17311,-10.1,17323~~
-1.6,17463,-0.8,17473,-0.2,17484,0.3,17496,0.8,17506,1.2,17517,1.7,17527,2.3,17539,3.1,17549,4.4,17560,6.6,17570,9.5,17582,12.3,17593,13.9,17603,14.7,17614,16.7,17625,19.8,17636,21.0,17646,21.4,17657,21.5,17668,21.4,17679,21.1,17690,20.7,17700,20.2,17712,19.5,17722,18.9,17733,18.2,17743,17.5,17755,16.8,17765,16.0,17776,15.1,17787,14.2,17798,13.1,17809,11.9,17819,10.8,17830,9.6,17841,8.4,17852,7.3,17862,6.4,17873,5.1,17885,4.0,17895,3.1,17906,2.3,17916,1.4,17928,0.3,17938,-1.8,17949,-5.2,17959,-7.4,17971,-8.1,17982,-8.6,17992,-9.1,18003,-9.6,18014,-10.1,18025,-10.6,18035,-10.9,18046,-11.1,18058,-11.2,18068,-11.3,18079,-11.4,18089,-11.6,18101,-11.7,18111,-11.6,18122,-11.4,18132,-11.0,18144,-10.5,18155,-10.1,18165,-9.7,18177,-9.4,18187,-8.8,18198,-8.1,18208,-7.6,18220,-7.1,18230,-6.5,18241,-5.9,18251,-5.2,18263,-4.6,18274,-3.7,18284,-2.3,18295,-1.1,18306,-0.5,18317,0.1,18327,0.5,18338,0.9,18349,1.4,18360,1.9,18371,2.6,18381,3.7,18393,5.4,18403,8.0,18414,11.0,18424,13.0,18436,13.7,18447,15.7,18457,19.4,18468,20.8,18479,21.2,18490,21.4,18500,21.4,18511,21.3,18522,21.0,18533,20.5,18544,19.9,18554,19.3,18566,18.5,18576,17.8,18587,17.2,18597,16.4,18609,15.6,18619,14.7,18630,13.7,18641,12.6,18652,11.4,18663,10.3,18673,9.1,18684,7.8,18695,6.7,18706,5.6,18716,4.4,18727,3.5,18739,2.6,18749,1.7,18760,0.7,18770,-0.7,18782,-3.6,18792,-6.6,18803,-7.9,18813,-8.4,18825,-8.8,18836,-9.3,18846,-9.9,18857,-10.4,18868,-10.7,18879,-10.9,18889,-11.1,18900,-11.2,18912,-11.3,18922,-11.4,18933,-11.5,18944,-11.6,18955,-11.4,18965,-11.0,18976,-10.6,18987,-10.2,18998,-9.9,19009,-9.5,19019,-9.0,19031,-8.4,19041,-7.9,19052,-7.4,19062,-6.8,19074,-6.2,19084,-5.5,19095,-4.9,19106,-4.2,19117,-3.1,19128,-1.6,19138,-0.8,19149,-0.2,19160,0.3,19171,0.7,19181,1.1,19192,1.6,19204,2.3,19214,3.1,19225,4.4,19235,6.5,19247,9.5,19257,12.3,19268,13.4,19278,14.0,19290,17.1,19301,20.2,19311,20.9,19322,21.4,19333,21.4,19344,21.4,19354,21.2,19365,20.7,19376,20.2,19387,19.6,19398,19.0,19408,18.2,19420,17.5,19430,16.9,19441,16.1,19451,15.2,19463,14.2,19473,13.2,19484,12.0,19495,11.0,19506,9.7,19517,8.5,19527,7.3,19538,6.2,19549,4.9,19560,3.9,19570,3.2,19581,2.4,19593,1.5,19603,0.3,19614,-1.8,19624,-5.1,19636,-7.3,19646,-8.1,19657,-8.6,19667,-9.1,19679,-9.6,19690,-10.1,19700,-10.6,19712,-10.9,19722,-11.0,19733,-11.2,19743,-11.3,19755,-11.3,19766,-11.5,19776,-11.5,19787,-11.5,19798,-11.3,19809,-10.8,19819,-10.4,19830,-10.0,19841~~
-1.1,19982,-0.5,19992,0.0,20003,0.5,20014,0.9,20025,1.4,20035,1.9,20046,2.6,20057,3.7,20068,5.3,20078,7.9,20089,11.0,20101,13.4,20111,14.1,20122,15.0,20132,18.7,20144,20.6,20154,21.0,20165,21.4,20176,21.4,20187,21.3,20198,21.0,20208,20.5,20219,19.9,20230,19.3,20241,18.6,20251,17.9,20262,17.2,20274,16.5,20284,15.7,20295,14.7,20305,13.8,20317,12.6,20327,11.5,20338,10.4,20348,9.1,20360,7.8,20371,6.7,20381,5.5,20392,4.4,20403,3.6,20414,2.7,20424,2.0,20435,0.9,20446,-0.6,20457,-3.5,20468,-6.5,20478,-7.8,20490,-8.4,20500,-8.8,20511,-9.3,20521,-9.8,20533,-10.4,20544,-10.7,20554,-10.9,20566,-11.1,20576,-11.2,20587,-11.3,20597,-11.4,20609,-11.6,20619,-11.6,20630,-11.4,20640,-11.1,20652,-10.6,20663,-10.2,20673,-9.9,20684,-9.5,20695,-9.1,20706,-8.4,20716,-7.9,20727,-7.4,20738,-6.9,20749,-6.3,20760,-5.6,20770,-4.9,20782,-4.2,20792,-3.2,20803,-1.7,20813,-0.9,20825,-0.3,20835,0.3,20846,0.7,20857,1.1,20868,1.6,20879,2.2,20889,3.1,20900,4.4,20911,6.5,20922,9.5,20932,12.1,20943,13.4,20955,14.2,20965,17.5,20976,20.2,20986,20.8,20998,21.3,21008,21.4,21019,21.4,21030,21.1,21041,20.8,21052,20.3,21062,19.6,21073,19.0,21084,18.2,21095,17.5,21105,16.9,21116,16.1,21128,15.2,21138,14.2,21149,13.2,21159,12.1,21171,10.9,21181,9.7,21192,8.5,21202,7.2,21214,6.2,21225,4.9,21235,3.9,21246,3.1,21257,2.3,21268,1.4,21278,0.2,21289,-1.9,21301,-5.1,21311,-7.3,21322,-8.1,21332,-8.6,21344,-9.0,21354,-9.5,21365,-10.0,21376,-10.5,21387,-10.8,21398,-11.0,21408,-11.2,21420,-11.2,21430,-11.3,21441,-11.5,21451,-11.6,21463,-11.5,21474,-11.3,21484,-10.8,21495,-10.4,21506,-10.0,21517,-9.7,21527,-9.4,21538,-8.8,21549,-8.2,21560,-7.7,21571,-7.2,21581,-6.6,21593,-5.9,21603,-5.3,21614,-4.6,21624,-3.8,21636,-2.5,21646,-1.2,21657,-0.6,21668,-0.0,21679,0.5,21690,0.9,21700,1.3,21711,1.9,21722,2.6,21733,3.6,21743,5.4,21754,8.0,21766,10.8,21776,12.9,21787,13.9,21797,15.9,21809,19.4,21819,20.6,21830,21.1,21841,21.3,21852,21.4,21863,21.2,21873,21.0,21884,20.5,21895,19.9,21906,19.3,21916,18.6,21927,17.9,21939,17.2,21949,16.5,21960,15.7,21970,14.7,21982,13.8,21992,12.7,22003,11.5,22013,10.4,22025,9.2,22035,7.9,22046,6.6,22057,5.3,22068,4.1,22079,3.4,22089,2.6,22100,1.8,22111,0.8,22122,-0.8,22133,-3.7,22144,-6.6,22155,-7.8,22165,-8.3,22176,-8.8,22187,-9.3,22198,-9.8,22208,-10.3,22219,-10.7,22231,-10.9,22241,-11.1,22252,-11.2,22262,-11.3,22274,-11.4,22284,-11.5,22295,-11.5,22305,-11.4,22317,-11.0,22328,-10.6,22338,-10.2,~~
-1.8,22490,-0.9,22500,-0.3,22511,0.3,22522,0.7,22533,1.1,22544,1.6,22554,2.2,22565,3.1,22576,4.4,22587,6.5,22597,9.5,22608,12.2,22620,13.4,22630,14.2,22641,17.5,22651,20.2,22663,20.8,22673,21.3,22684,21.3,22694,21.3,22706,21.1,22717,20.7,22727,20.2,22738,19.5,22749,19.0,22760,18.2,22770,17.6,22781,16.9,22793,16.1,22803,15.2,22814,14.2,22824,13.2,22836,12.1,22846,11.0,22857,9.8,22867,8.5,22879,7.2,22889,6.1,22900,4.9,22912,3.9,22922,3.1,22933,2.4,22943,1.4,22955,0.1,22965,-2.0,22976,-5.2,22987,-7.4,22998,-8.1,23009,-8.6,23019,-9.0,23030,-9.5,23041,-10.1,23052,-10.5,23062,-10.8,23073,-11.0,23085,-11.1,23095,-11.2,23106,-11.3,23116,-11.4,23128,-11.5,23138,-11.5,23149,-11.3,23159,-10.8,23171,-10.4,23182,-10.0,23192,-9.7,23203,-9.4,23214,-8.8,23225,-8.2,23235,-7.6,23246,-7.1,23257,-6.6,23268,-5.9,23279,-5.3,23289,-4.6,23301,-3.8,23311,-2.6,23322,-1.2,23332,-0.6,23344,-0.0,23354,0.4,23365,0.9,23376,1.3,23387,1.8,23398,2.6,23408,3.7,23419,5.4,23430,8.0,23441,11.0,23452,13.0,23462,13.9,23474,16.3,23484,19.6,23495,20.5,23505,21.0,23517,21.3,23527,21.4,23538,21.2,23549,20.9,23560,20.4,23571,19.9,23581,19.3,23592,18.6,23603,17.9,23614,17.2,23624,16.4,23635,15.7,23647,14.7,23657,13.7,23668,12.6,23678,11.5,23690,10.4,23700,9.1,23711,7.9,23721,6.6,23733,5.2,23743,3.9,23754,3.2,23766,2.4,23776,1.5,23787,0.5,23797,-1.0,23809,-3.7,23819,-6.6,23830,-7.8,23841,-8.3,23852,-8.8,23863,-9.2,23873,-9.8,23884,-10.3,23895,-10.7,23906,-10.9,23916,-11.1,23927,-11.2,23939,-11.2,23949,-11.4,23960,-11.5,23970,-11.5,23982,-11.4,23992,-11.0,24003,-10.6,24013,-10.2,24025,-9.8,24036,-9.5,24046,-9.1,24057,-8.4,24068,-7.9,24079,-7.3,24089,-6.8,24100,-6.3,24111,-5.6,24122,-4.9,24133,-4.2,24143,-3.2,24155,-1.7,24165,-0.8,24176,-0.3,24186,0.4,24198,0.8,24208,1.2,24219,1.7,24230,2.3,24241,3.2,24252,4.6,24262,6.6,24273,9.0,24284,11.4,24295,13.3,24305,15.1,24316,18.2,24328,20.2,24338,20.8,24349,21.2,24359,21.3,24371,21.3,24381,21.1,24392,20.7,24402,20.2,24414,19.6,24425,19.0,24435,18.2,24446,17.5,24457,16.8,24468,16.1,24478,15.2,24489,14.2,24500,13.2,24511,12.1,24522,10.9,24532,9.7,24544,8.5,24554,7.2,24565,6.0,24576,4.7,24587,3.6,24597,2.9,24608,2.2,24620,1.3,24630,0.1,24641,-2.0,24651,-5.3,24663,-7.4,24673,-8.1,24684,-8.5,24694,-9.0,24706,-9.5,24717,-10.1,24727,-10.5,24738,-10.8,24749,-11.0,24760,-11.1,24770,-11.2,24781,-11.3,24793,-11.4,24803,-11.5,24814,-11.5,24824,-11.3,24836,-10.9,24846,-10.4,24857,-10.0,~~
-1.2,25009,-0.6,25019,-0.0,25030,0.5,25040,0.9,25052,1.4,25062,1.9,25073,2.6,25083,3.7,25095,5.3,25105,7.6,25116,10.6,25127,13.0,25138,14.1,25149,16.3,25159,19.4,25170,20.5,25181,21.0,25192,21.3,25203,21.3,25213,21.2,25225,20.9,25235,20.4,25246,19.9,25256,19.3,25268,18.6,25278,17.9,25289,17.2,25300,16.5,25311,15.7,25322,14.8,25332,13.8,25344,12.7,25354,11.5,25365,10.4,25375,9.2,25387,7.9,25398,6.6,25408,5.4,25419,4.2,25430,3.3,25441,2.6,25451,1.7,25462,0.7,25473,-0.9,25484,-3.7,25495,-6.6,25505,-7.8,25517,-8.3,25527,-8.8,25538,-9.3,25548,-9.7,25560,-10.3,25571,-10.6,25581,-10.9,25592,-11.1,25603,-11.1,25614,-11.2,25624,-11.4,25635,-11.5,25646,-11.5,25657,-11.4,25668,-11.0,25678,-10.5,25690,-10.2,25700,-9.9,25711,-9.5,25721,-9.1,25733,-8.4,25743,-7.9,25754,-7.4,25764,-6.9,25776,-6.3,25787,-5.6,25797,-5.0,25808,-4.3,25819,-3.3,25830,-1.8,25840,-0.9,25851,-0.3,25862,0.3,25873,0.7,25884,1.1,25894,1.6,25906,2.2,25916,3.0,25927,4.1,25937,5.8,25949,8.6,25959,11.7,25970,13.8,25981,14.7,25992,17.6,26003,20.2,26013,20.8,26024,21.2,26035,21.3,26046,21.3,26057,21.1,26067,20.6,26079,20.1,26089,19.5,26100,19.0,26110,18.2,26122,17.6,26132,16.9,26143,16.1,26155,15.3,26165,14.3,26176,13.2,26186,12.1,26198,11.0,26208,9.8,26219,8.6,26229,7.3,26241,6.2,26252,4.9,26262,3.9,26273,3.1,26284,2.4,26295,1.5,26305,0.2,26316,-1.9,26327,-5.2,26338,-7.3,26349,-8.1,26359,-8.5,26371,-9.0,26381,-9.5,26392,-10.0,26402,-10.5,26414,-10.8,26425,-11.0,26435,-11.1,26446,-11.2,26457,-11.3,26468,-11.4,26478,-11.5,26489,-11.5,26500,-11.2,26511,-10.8,26522,-10.4,26532,-10.0,26544,-9.7,26554,-9.4,26565,-8.8,26575,-8.2,26587,-7.7,26597,-7.1,26608,-6.6,26618,-6.0,26630,-5.3,26641,-4.7,26651,-3.9,26662,-2.6,26673,-1.3,26684,-0.6,26694,-0.1,26705,0.5,26716,0.9,26727,1.3,26738,1.9,26748,2.6,26760,3.6,26770,5.2,26781,7.8,26791,11.0,26803,13.0,26814,13.7,26824,15.8,26835,19.4,26846,20.5,26857,21.0,26867,21.3,26878,21.3,26889,21.2,26900,20.9,26911,20.4,26921,19.9,26933,19.3,26943,18.6,26954,17.9,26964,17.2,26976,16.5,26986,15.7,26997,14.7,27009,13.8,27019,12.7,27030,11.5,27040,10.4,27052,9.2,27062,7.9,27073,6.7,27083,5.5,27095,4.2,27106,3.2,27116,2.5,27127,1.7,27138,0.6,27149,-0.7,27159,-3.5,27170,-6.5,27181,-7.8,27192,-8.3,27203,-8.7,27213,-9.2,27225,-9.8,27235,-10.3,27246,-10.6,27256,-10.9,27268,-11.0,27279,-11.2,27289,-11.3,27300,-11.4,27311,-11.6,27322,-11.6,27332,-11.5,27343,-11.2,27354,-10.7,27365,-10.3,~~
-1.9,27516,-0.9,27527,-0.4,27538,0.2,27548,0.7,27559,1.1,27570,1.6,27581,2.2,27592,3.0,27602,4.3,27614,6.2,27624,8.9,27635,11.5,27645,13.0,27657,14.6,27667,18.2,27678,20.2,27689,20.8,27700,21.2,27711,21.3,27721,21.2,27732,21.0,27743,20.7,27754,20.2,27764,19.6,27776,19.0,27787,18.2,27797,17.5,27808,16.9,27819,16.1,27830,15.3,27840,14.3,27851,13.2,27862,12.1,27873,11.0,27884,9.8,27894,8.5,27906,7.3,27916,6.2,27927,4.9,27937,3.8,27949,3.1,27959,2.3,27970,1.4,27981,0.2,27992,-1.9,28003,-5.1,28013,-7.3,28024,-8.1,28035,-8.5,28046,-9.0,28056,-9.5,28067,-10.0,28079,-10.5,28089,-10.7,28100,-10.9,28110,-11.1,28122,-11.2,28132,-11.3,28143,-11.4,28154,-11.5,28165,-11.5,28176,-11.2,28186,-10.8,28197,-10.4,28208,-10.0,28219,-9.7,28229,-9.4,28240,-8.8,28251,-8.2,28262,-7.7,28273,-7.1,28283,-6.6,28295,-5.9,28305,-5.3,28316,-4.6,28326,-3.8,28338,-2.6,28348,-1.3,28359,-0.6,28370,-0.1,28381,0.4,28392,0.8,28402,1.3,28413,1.8,28424,2.5,28435,3.5,28445,5.2,28456,7.8,28468,11.2,28478,13.4,28489,13.9,28499,15.1,28511,18.8,28521,20.5,28532,20.9,28544,21.2,28554,21.3,28565,21.2,28575,20.9,28587,20.4,28597,19.9,28608,19.3,28618,18.6,28630,17.9,28641,17.2,28651,16.4,28662,15.7,28673,14.8,28684,13.8,28694,12.7,28705,11.5,28716,10.4,28727,9.2,28738,7.9,28748,6.6,28760,5.4,28770,4.1,28781,3.3,28791,2.7,28803,1.9,28813,0.8,28824,-0.7,28835,-3.4,28846,-6.4,28857,-7.7,28867,-8.3,28878,-8.8,28889,-9.2,28900,-9.7,28910,-10.3,28921,-10.7,28933,-10.9,28943,-11.0,28954,-11.2,28964,-11.2,28976,-11.4,28986,-11.5,28997,-11.5,29007,-11.4,29019,-11.0,29030,-10.6,29040,-10.2,29051,-9.8,29062,-9.5,29073,-9.1,29083,-8.4,29094,-7.9,29105,-7.4,29116,-6.9,29127,-6.2,29137,-5.6,29149,-5.0,29159,-4.3,29170,-3.3,29180,-1.8,29192,-0.9,29202,-0.3,29213,0.3,29224,0.7,29235,1.2,29246,1.7,29256,2.3,29267,3.2,29278,4.4,29289,6.3,29299,9.0,29310,11.6,29322,13.2,29332,14.8,29343,18.2,29353,20.1,29365,20.7,29375,21.1,29386,21.3,29398,21.3,29408,21.0,29419,20.6,29429,20.1,29441,19.5,29451,18.9,29462,18.2,29472,17.5,29484,16.8,29495,16.1,29505,15.2,29516,14.2,29527,13.2,29538,12.1,29548,10.9,29559,9.7,29570,8.5,29581,7.2,29592,6.0,29602,4.6,29614,3.6,29624,2.9,29635,2.0,29645,1.3,29657,0.2,29667,-1.9,29678,-5.2,29689,-7.3,29700,-8.1,29711,-8.5,29721,-9.0,29732,-9.5,29743,-10.0,29754,-10.5,29764,-10.8,29775,-11.0,29787,-11.2,29797,-11.2,29808,-11.3,29818,-11.4,29830,-11.5,29840,-11.5,29851,-11.2,29861,-10.8,29873,-10.3,29884,-10.0,~~
-1.4,30034,-0.8,30046,-0.3,30056,0.3,30067,0.7,30077,1.0,30089,1.5,30100,2.0,30110,2.7,30121,3.6,30132,5.1,30143,7.2,30153,9.8,30164,11.9,30176,12.5,30186,12.1,30197,13.5,30208,16.8,30219,17.7,30229,17.7,30240,17.9,30251,17.7,30262,17.7,30273,17.5,30283,17.3,30295,17.0,30305,16.8,30316,16.4,30326,16.1,30338,15.6,30348,15.2,30359,14.7,30370,14.4,30381,13.8,30392,13.3,30402,12.7,30413,12.1,30424,11.5,30435,10.9,30445,10.3,30456,9.7,30468,9.0,30478,8.4,30489,7.7,30499,7.0,30511,6.5,30521,6.1,30532,5.5,30542,4.4,30554,3.5,30565,3.0,30575,2.5,30586,2.0,30597,1.3,30608,0.6,30618,-0.2,30629,-1.5,30640,-3.4,30651,-5.1,30662,-5.9,30672,-6.2,30684,-6.5,30694,-6.7,30705,-7.0,30715,-7.3,30727,-7.5,30737,-7.7,30748,-7.9,30759,-8.1,30770,-8.2,30781,-8.3,30791,-8.4,30802,-8.6,30813,-8.7,30824,-8.7,30835,-8.7,30845,-8.7,30857,-8.7,30867,-8.7,30878,-8.7,30888,-8.6,30900,-8.5,30910,-8.4,30921,-8.3,30931,-8.1,30943,-7.9,30954,-7.8,30964,-7.6,30976,-7.4,30986,-7.3,30997,-7.1,31007,-6.9,31019,-6.6,31029,-6.4,31040,-6.1,31051,-5.8,31062,-5.5,31073,-5.2,31083,-4.8,31094,-4.4,31105,-4.1,31116,-3.6,31126,-3.1,31137,-2.2,31149,-1.2,31159,-0.8,31170,-0.3,31180,0.0,31192,0.4,31202,0.6,31213,0.9,31223,1.2,31235,1.5,31246,1.9,31256,2.3,31267,2.8,31278,3.4,31289,4.1,31299,5.1,31310,6.3,31321,7.6,31332,8.6,31343,9.2,31353,10.1,31365,13.0,31375,14.8,31386,15.0,31396,15.3,31408,15.5,31419,15.5,31429,15.7,31440,15.6,31451,15.6,31462,15.5,31472,15.5,31483,15.4,31494,15.2,31505,15.2,31516,14.9,31526,14.7,31538,14.4,31548,14.2,31559,13.8,31569,13.5,31581,13.3,31591,12.8,31602,12.4,31613,12.0,31624,11.6,31635,11.0,31645,10.6,31656,10.0,31667,9.4,31678,8.9,31688,8.3,31699,7.7,31711,7.0,31721,6.3,31732,5.8,31742,5.4,31754,4.4,31764,3.5,31775,3.0,31785,2.5,31797,2.0,31808,1.4,31818,0.7,31830,-0.2,31840,-1.5,31851,-3.3,31861,-5.1,31873,-5.8,31883,-6.1,31894,-6.4,31905,-6.6,31916,-6.9,31927,-7.2,31937,-7.3,31948,-7.5,31959,-7.8,31970,-7.9,31980,-8.1,31991,-8.2,32003,-8.3,32013,-8.4,32024,-8.5,32034,-8.6,32046,-8.6,32056,-8.6,32067,-8.6,32077,-8.6,32089,-8.6,32100,-8.5,32110,-8.5,32121,-8.4,32132,-8.3,32143,-8.1,32153,-8.0,32164,-7.9,32175,-7.7,32186,-7.5,32197,-7.4,32207,-7.2,32219,-7.0,32229,-6.8,32240,-6.5,32250,-6.2,32262,-6.0,32272,-5.7,32283,-5.4,32294,-5.1,32305,-4.7,32316,-4.3,32326,-3.9,32337,-3.5,32348,-3.0,32359,-2.0,32369,-1.2,32380,-0.7,32392,-0.3,32402,0.2,32413,0.5,32423,0.7,32435,1.0,32445,1.3,32456,1.6,32466,2.0,32478,2.4,32489,2.9,32499,3.7,32510,4.7,32521,6.0,32532,7.6,32542,9.0,32553,9.6,32564,9.6,32575,9.4,32586,10.9,32596,14.1,32608,15.1,32618,15.4,32629,15.5,32640,15.6,32651,15.7,32662,15.7,32672,15.8,32684,15.7,32694,15.7,32705,15.5,32715,15.4,32727,15.2,32737,15.0,32748,14.9,32759,14.5,32770,14.3,32781,13.8,32791,13.6,32802,13.3,32813,12.9,32824,12.5,32834,12.0,32845,11.6,32857,11.1,32867,10.7,32878,10.1,32888,9.5,32900,9.0,32910,8.3,32921,7.7,32931,7.0,32943,6.4,32953,6.0,32964,5.5,32975,4.4,32986,3.6,32997,3.1,33007,2.5,33018,1.9,33029,1.3,33040,0.6,33051,-0.3,33061,-1.7,33073,-3.5,33083,-5.2,33094,-5.9,33104,-6.3,33116,-6.5,33126,-6.8,33137,-7.1,33148,-7.3,33159,-7.5,33170,-7.7,33180,-7.9,33191,-8.0,33202,-8.1,33213,-8.2,33223,-8.4,33234,-8.5,33246,-8.6,33256,-8.6,33267,-8.6,33277,-8.7,33289,-8.7,33299,-8.7,33310,-8.6,33320,-8.6,33332,-8.5,33343,-8.4,33353,-8.2,33364,-8.1,33375,-7.9,33386,-7.8,33396,-7.6,33408,-7.4,33418,-7.2,33429,-7.0,33440,-6.8,33451,-6.6,33462,-6.3,33472,-6.1,33483,-5.8,33494,-5.5,33505,-5.2,33515,-4.9,33526,-4.5,33538,-4.1,33548,-3.7,33559,-3.3,33569,-2.5,33581,-1.4,33591,-0.9,33602,-0.4,33612,-0.1,33624,0.3,33635,0.6,33645,0.8,33656,1.1,33667,1.4,33678,1.7,33688,2.2,33699,2.6,33710,3.3,33721,4.1,33732,5.2,33742,6.6,33754,8.3,33764,9.6,33775,9.9,33785,9.9,33797,10.0,33807,11.5,33818,14.3,33829,15.2,33840,15.5,33851,15.6,33861,15.8,33872,15.7,33883,15.8,33894,15.8,33904,15.7,33915,15.7,33927,15.5,33937,15.4,33948,15.1,33958,15.0,33970,14.7,33980,14.5,33991~~
8.6,34131,8.0,34143,7.3,34153,6.7,34164,6.2,34174,5.8,34186,4.9,34196,3.8,34207,3.2,34217,2.7,34229,2.2,34240,1.6,34250,0.9,34262,-0.1,34272,-1.3,34283,-2.9,34293,-4.8,34305,-5.8,34316,-6.1,34326,-6.4,34337,-6.6,34348,-6.9,34359,-7.2,34369,-7.4,34380,-7.6,34391,-7.8,34402,-8.0,34413,-8.1,34423,-8.3,34435,-8.4,34445,-8.6,34456,-8.6,34466,-8.7,34478,-8.7,34488,-8.7,34499,-8.7,34510,-8.7,34521,-8.7,34532,-8.6,34542,-8.5,34553,-8.4,34564,-8.3,34575,-8.1,34585,-8.0,34596,-7.8,34608,-7.7,34618,-7.5,34629,-7.3,34639,-7.1,34651,-6.9,34661,-6.6,34672,-6.4,34682,-6.1,34694,-5.9,34705,-5.6,34715,-5.2,34726,-4.9,34737,-4.5,34748,-4.2,34758,-3.8,34769,-3.3,34780,-2.6,34791,-1.5,34802,-0.9,34812,-0.5,34824,-0.0,34834,0.3,34845,0.6,34855,0.8,34867,1.1,34877,1.4,34888,1.8,34899,2.2,34910,2.7,34921,3.3,34931,4.2,34942,5.4,34953,6.9,34964,8.4,34974,9.4,34985,9.6,34997,9.4,35007,9.8,35018,12.8,35028,14.9,35040,15.2,35050,15.5,35061,15.5,35073,15.7,35083,15.7,35094,15.7,35104,15.7,35116,15.7,35126,15.6,35137,15.4,35147,15.3,35159,15.0,35170,14.9,35180,14.7,35191,14.4,35202,14.0,35213,13.7,35223,13.5,35234,13.0,35245,12.7,35256,12.2,35267,11.8,35277,11.3,35289,10.8,35299,10.3,35310,9.7,35320,9.2,35332,8.6,35342,8.0,35353,7.4,35364,6.7,35375,6.3,35386,6.0,35396,5.2,35407,4.0,35418,3.3,35429,2.9,35439,2.4,35450,1.8,35462,1.0,35472,0.3,35483,-0.7,35493,-2.1,35505,-4.0,35515,-5.4,35526,-6.0,35536,-6.2,35548,-6.4,35559,-6.7,35569,-7.0,35580,-7.2,35591,-7.4,35602,-7.6,35612,-7.8,35623,-7.9,35634,-8.1,35645,-8.2,35656,-8.3,35666,-8.4,35678,-8.5,35688,-8.6,35699,-8.6,35709,-8.6,35721,-8.6,35731,-8.6,35742,-8.6,35753,-8.5,35764,-8.5,35775,-8.4,35785,-8.2,35796,-8.1,35807,-7.9,35818,-7.8,35828,-7.6,35840,-7.4,35851,-7.2,35861,-7.0,35872,-6.8,35883,-6.6,35894,-6.4,35904,-6.1,35915,-5.9,35927,-5.5,35937,-5.3,35948,-4.9,35958,-4.6,35970,-4.2,35980,-3.8,35991,-3.3,36001,-2.6,36013,-1.6,36024,-1.0,36034,-0.5,36045,-0.1,36056,0.2,36067,0.5,36077,0.8,36088,1.0,36099,1.3,36110,1.7,36120,2.1,36131,2.5,36143,3.1,36153,4.0,36164,5.1,36174,6.5,36186,8.1,36196,9.3,36207,9.8,36217,9.7,36229,9.8,36240,11.8,36250,14.6,36261,15.2,36272,15.5,36283,15.5,36293,15.7,36304,15.7,36316,15.7,36326,15.7,36337,15.7,36347,15.6,36359,15.4,36369,15.4,36380,15.1,36390,14.9,36402,14.7,36413,14.4,36423,14.2,36434,13.8,36445,13.6,36456,13.1,36466,12.8,36477,12.3,36488,11.9,36499,11.4,36510,11.0,36520,10.4,36532,9.8,36542,9.3,36553,8.7,36563,8.1,36575,7.5,36585,6.9,36596,6.3,36606,5.9,36618,5.3,36629,4.1,36639,3.4,36651,3.0,36661,2.4,36672,1.9,36682,1.2,36694,0.5,36704,-0.6,36715,-2.1,36726,-4.0,36737,-5.5,36748,-6.0,36758,-6.3,36769,-6.5,36780,-6.8,36791,-7.1,36802,-7.2,36812,-7.4,36824,-7.6,36834,-7.9,36845,-8.0,36855,-8.2,36867,-8.3,36877,-8.4,36888,-8.5,36899,-8.6,36910,-8.6,36921,-8.6,36931,-8.7,36942,-8.7,36953,-8.6,36964,-8.6,36974,-8.5,36985,-8.4,36997,-8.4,37007,-8.3,37018,-8.1,37028,-7.9,37040,-7.7,37050,-7.6,37061,-7.4,37071,-7.2,37083,-7.0,37094,-6.8,37104,-6.5,37115,-6.3,37126,-6.0,37137,-5.8,37147,-5.5,37158,-5.2,37169,-4.8,37180,-4.4,37191,-4.1,37201,-3.7,37213,-3.2,37223,-2.4,37234,-1.3,37244,-0.9,37256,-0.4,37266,-0.0,37277,0.3,37288,0.6,37299,0.8,37310,1.1,37320,1.4,37331,1.8,37342,2.2,37353,2.6,37363,3.3,37374,4.1,37386,5.3,37396,6.9,37407,8.4,37417,9.1,37429,9.2,37439,9.2,37450,10.6,37460,13.8,37472,15.0,37483,15.3,37493,15.5,37505,15.6,37515,15.7,37526,15.7,37536,15.8,37548,15.7,37559,15.7,37569,15.6,37580,15.4,37591,15.3,37602,15.0,37612,15.0,37623,14.6,37634,14.4,37645,14.0,37656,13.7,37666,13.4,37678,13.0,37688,12.7,37699,12.2,37709,11.8,37721,11.2,37731,10.8,37742,10.2,37753,9.7,37764,9.1,37775,8.5,37785,7.9,37796,7.3,37807,6.7,37818,6.2,37828,5.9,37839,5.0,37851,3.9,37861,3.2,37872,2.7,37882,2.1,37894,1.6,37904,0.9,37915,0.2,37925,-0.9,37937,-2.5,37948,-4.5,37958,-5.6,37969,-6.0,37980,-6.3,37991,-6.5,38001,-6.8,38012,-7.1,38023,-7.3,38034,-7.5,38045,-7.7,38055,-7.9,38067,-8.0,38077,-8.1,38088,-8.3,38098,-8.4,38110,-8.5,38120,-8.6,38131,-8.6,38142,-8.7,38153,-8.7,38164~~
-7.2,38304,-6.9,38315,-6.8,38326,-6.5,38336,-6.2,38347,-6.0,38359,-5.7,38369,-5.4,38380,-5.1,38390,-4.7,38402,-4.3,38412,-3.9,38423,-3.5,38433,-2.8,38445,-1.7,38456,-1.1,38466,-0.6,38477,-0.2,38488,0.2,38499,0.5,38509,0.8,38520,1.1,38531,1.4,38542,1.7,38553,2.1,38563,2.6,38575,3.2,38585,4.0,38596,5.1,38606,6.2,38618,7.6,38628,8.7,38639,9.0,38650,9.3,38661,11.0,38672,14.1,38682,15.1,38693,15.3,38704,15.6,38715,15.6,38726,15.8,38736,15.8,38748,15.9,38758,15.8,38769,15.8,38779,15.7,38791,15.5,38801,15.4,38812,15.1,38823,15.1,38834,14.7,38845,14.5,38855,14.1,38866,13.8,38877,13.5,38888,13.0,38898,12.7,38909,12.2,38921,11.8,38931,11.3,38942,10.8,38952,10.2,38964,9.6,38974,9.1,38985,8.5,38995,7.9,39007,7.2,39018,6.6,39028,6.1,39040,5.8,39050,4.9,39061,3.8,39071,3.2,39083,2.7,39093,2.2,39104,1.7,39114,1.0,39126,0.2,39137,-1.0,39147,-2.7,39158,-4.6,39169,-5.7,39180,-6.1,39190,-6.3,39201,-6.6,39213,-6.9,39223,-7.2,39234,-7.4,39244,-7.6,39256,-7.8,39266,-7.9,39277,-8.1,39287,-8.2,39299,-8.3,39310,-8.5,39320,-8.6,39331,-8.6,39342,-8.6,39353,-8.7,39363,-8.7,39374,-8.7,39385,-8.6,39396,-8.6,39407,-8.5,39417,-8.4,39429,-8.3,39439,-8.2,39450,-8.1,39460,-7.9,39472,-7.7,39482,-7.5,39493,-7.3,39504,-7.1,39515,-6.9,39526,-6.7,39536,-6.4,39547,-6.2,39558,-5.9,39569,-5.7,39579,-5.3,39590,-4.9,39602,-4.6,39612,-4.2,39623,-3.8,39633,-3.4,39645,-2.7,39655,-1.6,39666,-1.0,39676,-0.6,39688,-0.1,39699,0.3,39709,0.6,39720,0.8,39731,1.1,39742,1.4,39752,1.8,39763,2.2,39774,2.7,39785,3.3,39796,4.1,39806,5.1,39818,6.4,39828,8.1,39839,9.2,39849,9.7,39861,10.3,39871,12.6,39882,15.3,39894,15.8,39904,16.2,39915,16.3,39925,16.5,39937,16.6,39947,16.6,39958,16.6,39968,16.6,39980,16.5,39991,16.4,40001,16.3,40012,16.0,40023,15.9,40034,15.5,40044,15.2,40055,14.8,40066,14.5,40077,14.0,40088,13.6,40098,13.0,40110,12.4,40120,11.7,40131,11.1,40141,10.4,40153,9.7,40163,8.9,40174,8.1,40185,7.3,40196,6.6,40207,6.0,40217,5.0,40228,3.9,40239,3.3,40250,2.7,40260,2.1,40271,1.3,40282,0.4,40293,-1.1,40304,-3.3,40314,-5.6,40326,-6.6,40336,-7.0,40347,-7.3,40357,-7.6,40369,-8.0,40380,-8.3,40390,-8.6,40401,-8.7,40412,-8.9,40423,-9.1,40433,-9.2,40444,-9.3,40455,-9.5,40466,-9.5,40477,-9.5,40487,-9.5,40499,-9.5,40509,-9.4,40520,-9.3,40530,-9.2,40542,-9.1,40552,-9.0,40563,-8.9,40574,-8.5,40585,-8.1,40596,-7.9,40606,-7.6,40617,-7.3,40628,-7.0,40639,-6.7,40649,-6.4,40660,-6.0,40672,-5.6,40682,-5.2,40693,-4.7,40704,-4.2,40715,-3.7,40725,-2.9,40736,-1.6,40747,-0.9,40758,-0.5,40769,0.0,40779,0.4,40791,0.7,40801,1.0,40812,1.4,40822,1.8,40834,2.4,40844,3.0,40855,4.0,40866,5.2,40877,6.7,40888,8.6,40898,10.2,40909,11.0,40920,11.8,40931,14.0,40941,16.2,40952,17.0,40964,17.3,40974,17.4,40985,17.5,40995,17.5,41007,17.5,41017,17.4,41028,17.3,41038,17.1,41050,16.9,41061,16.6,41071,16.3,41082,15.9,41093,15.4,41104,15.0,41114,14.5,41125,14.0,41136,13.4,41147,12.8,41158,12.1,41168,11.5,41180,10.7,41190,9.9,41201,9.2,41211,8.3,41223,7.5,41233,6.7,41244,6.1,41255,5.1,41266,4.0,41277,3.3,41287,2.7,41298,2.1,41309,1.4,41320,0.5,41330,-0.8,41341,-2.9,41353,-5.2,41363,-6.4,41374,-6.9,41384,-7.2,41396,-7.5,41406,-7.9,41417,-8.2,41427,-8.5,41439,-8.8,41450,-8.9,41460,-9.1,41472,-9.2,41482,-9.3,41493,-9.4,41503,-9.4,41515,-9.5,41525,-9.4,41536,-9.4,41547,-9.4,41558,-9.3,41569,-9.2,41579,-9.1,41590,-9.0,41601,-8.9,41612,-8.6,41623,-8.2,41633,-8.0,41645,-7.7,41655,-7.4,41666,-7.1,41676,-6.8,41688,-6.4,41698,-6.1,41709,-5.7,41720,-5.2,41731,-4.8,41742,-4.3,41752,-3.7,41763,-3.0,41774,-1.7,41785,-1.0,41795,-0.5,41806,-0.1,41818,0.3,41828,0.6,41839,0.9,41849,1.3,41861,1.8,41871,2.3,41882,2.9,41892,3.7,41904,5.0,41915,6.8,41925,9.0,41936,10.7,41947,11.0,41958,10.8,41968,12.4,41979,15.9,41990,16.9,42001,17.2,42012,17.3,42022,17.5,42034,17.5,42044,17.5,42055,17.4,42065,17.3,42077,17.1,42088,16.9,42098,16.5,42109,16.3,42120,15.9,42131,15.5,42141,15.0,42152~~
6.3,42293,5.6,42303,4.3,42314,3.5,42326,2.9,42336,2.3,42347,1.6,42357,0.7,42369,-0.5,42379,-2.3,42390,-4.6,42401,-6.2,42412,-6.8,42423,-7.1,42433,-7.4,42444,-7.8,42455,-8.1,42466,-8.3,42476,-8.6,42487,-8.8,42499,-9.0,42509,-9.2,42520,-9.2,42530,-9.3,42542,-9.4,42552,-9.4,42563,-9.5,42574,-9.5,42585,-9.4,42596,-9.3,42606,-9.2,42617,-9.2,42628,-9.1,42639,-9.0,42649,-8.7,42660,-8.3,42672,-8.0,42682,-7.8,42693,-7.5,42703,-7.2,42715,-6.9,42725,-6.6,42736,-6.2,42746,-5.8,42758,-5.4,42769,-4.9,42779,-4.5,42790,-3.9,42801,-3.2,42812,-2.0,42822,-1.0,42833,-0.6,42844,-0.1,42855,0.3,42866,0.7,42876,1.0,42888,1.4,42898,1.8,42909,2.4,42919,3.1,42931,4.2,42941,5.8,42952,8.1,42963,10.3,42974,11.4,42985,11.6,42995,13.0,43006,16.6,43017,17.9,43028,18.3,43038,18.5,43049,18.6,43061,18.7,43071,18.7,43082,18.7,43092,18.4,43104,18.3,43114,17.9,43125,17.6,43136,17.0,43147,16.6,43158,16.1,43168,15.5,43180,14.8,43190,14.1,43201,13.3,43211,12.4,43223,11.5,43234,10.5,43244,9.5,43255,8.5,43266,7.4,43277,6.5,43287,5.6,43298,4.3,43309,3.4,43320,2.7,43330,2.0,43341,1.1,43353,-0.0,43363,-1.9,43374,-4.7,43384,-6.7,43396,-7.4,43406,-7.9,43417,-8.3,43428,-8.7,43439,-9.2,43450,-9.4,43460,-9.7,43471,-9.9,43482,-10.1,43493,-10.2,43503,-10.2,43514,-10.4,43526,-10.6,43536,-10.7,43547,-10.5,43557,-10.3,43569,-10.1,43579,-9.8,43590,-9.6,43600,-9.4,43612,-9.2,43623,-8.8,43633,-8.2,43644,-7.8,43655,-7.4,43666,-7.0,43676,-6.5,43687,-6.0,43699,-5.5,43709,-4.9,43720,-4.3,43730,-3.6,43742,-2.4,43752,-1.2,43763,-0.6,43773,-0.1,43785,0.4,43796,0.7,43806,1.1,43817,1.6,43828,2.1,43839,2.9,43849,3.9,43860,5.5,43871,7.8,43882,10.1,43893,11.5,43904,12.1,43915,14.2,43925,17.8,43936,18.7,43947,19.0,43958,19.2,43968,19.3,43979,19.3,43991,19.1,44001,19.0,44012,18.7,44022,18.4,44034,18.0,44044,17.5,44055,17.0,44066,16.4,44077,15.9,44088,15.1,44098,14.4,44109,13.7,44120,12.8,44131,11.8,44141,10.8,44152,9.8,44163,8.8,44174,7.6,44185,6.7,44195,5.9,44207,4.7,44217,3.8,44228,3.1,44238,2.3,44250,1.4,44261,0.4,44271,-1.3,44282,-3.9,44293,-6.3,44304,-7.4,44314,-7.8,44325,-8.2,44336,-8.6,44347,-9.0,44358,-9.4,44368,-9.7,44380,-9.9,44390,-10.0,44401,-10.1,44411,-10.2,44423,-10.3,44433,-10.5,44444,-10.7,44455,-10.6,44466,-10.3,44477,-10.1,44487,-9.9,44498,-9.7,44509,-9.4,44520,-9.3,44530,-8.9,44541,-8.4,44553,-7.9,44563,-7.5,44574,-7.1,44584,-6.7,44596,-6.2,44606,-5.6,44617,-5.1,44627,-4.5,44639,-3.8,44650,-2.8,44660,-1.5,44672,-0.8,44682,-0.3,44693,0.2,44703,0.6,44715,1.0,44725,1.4,44736,1.9,44747,2.6,44758,3.6,44769,5.2,44779,7.5,44790,10.3,44801,12.3,44812,13.0,44822,13.8,44833,17.3,44845,19.1,44855,19.6,44866,19.9,44876,20.0,44888,20.0,44898,19.9,44909,19.7,44920,19.3,44931,18.9,44942,18.5,44952,17.9,44963,17.2,44974,16.7,44985,16.0,44995,15.3,45006,14.4,45018,13.5,45028,12.5,45039,11.5,45049,10.4,45061,9.2,45071,7.9,45082,6.7,45092,5.6,45104,4.4,45115,3.4,45125,2.5,45136,1.6,45147,0.6,45158,-0.7,45168,-3.3,45179,-6.4,45190,-7.7,45201,-8.3,45212,-8.7,45222,-9.2,45234~~
-10.5,45374,-10.1,45384,-9.8,45395,-9.5,45407,-9.1,45417,-8.4,45428,-7.9,45438,-7.4,45450,-6.9,45460,-6.3,45471,-5.6,45481,-5.0,45493,-4.3,45504,-3.3,45514,-1.8,45526,-0.9,45536,-0.4,45547,0.2,45557,0.6,45569,1.1,45579,1.5,45590,2.2,45601,3.0,45612,4.3,45623,6.1,45633,8.6,45644,11.1,45655,13.1,45666,15.0,45676,18.0,45687,20.0,45699,20.7,45709,21.1,45720,21.2,45730,21.2,45742,21.0,45752,20.6,45763,20.1,45773,19.4,45785,18.9,45796,18.1,45806,17.5,45817,16.8,45828,16.0,45839,15.2,45849,14.2,45860,13.2,45872,12.0,45882,10.9,45893,9.7,45903,8.5,45915,7.2,45925,6.1,45936,4.9,45946,3.8,45958,3.0,45968,2.0,45979,1.1,45990,0.0,46001,-2.1,46012,-5.2,46022,-7.3,46033,-8.0,46044,-8.5,46055,-9.0,46066,-9.5,46076,-10.0,46088,-10.4,46098,-10.7,46109,-10.9,46119,-11.1,46131,-11.1,46141,-11.2,46152,-11.3,46163,-11.5,46174,-11.4,46185,-11.1,46195,-10.7,46206,-10.3,46217,-10.0,46228,-9.7,46238,-9.3,46249,-8.7,46261,-8.1,46271,-7.6,46282,-7.1,46292,-6.5,46304,-5.9,46314,-5.3,46325,-4.6,46336,-3.8,46347,-2.5,46358,-1.2,46368,-0.6,46380,-0.1,46390,0.4,46401,0.9,46411,1.3,46423,1.9,46433,2.6,46444,3.6,46455,5.2,46466,7.6,46477,10.8,46487,13.1,46498,13.8,46509,16.5,46520,19.7,46530,20.4,46541,20.9,46553,21.1,46563,21.2,46574,21.1,46584,20.8,46596,20.3,46606,19.7,46617,19.1,46628,18.4,46639,17.7,46650,17.1,46660,16.3,46671,15.5,46682,14.6,46693,13.6,46703,12.5,46714,11.4,46726,10.2,46736,9.0,46747,7.7,46757,6.5,46769,5.3,46779,4.1,46790,3.3,46800,2.4,46812,1.5,46822,0.4,46833,-1.2,46844,-4.1,46855,-6.7,46866,-7.8,46876,-8.3,46887,-8.8,46898,-9.3,46909,-9.8,46919,-10.3,46930,-10.6,46942,-10.9,46952,-11.0,46963,-11.1,46973,-11.2,46985,-11.3,46995,-11.4,47006,-11.5,47017,-11.3,47028,-10.9,47039,-10.5,47049,-10.1,47060,-9.8,47071,-9.5,47082,-9.0,47092,-8.3,47104,-7.8,47115,-7.3,47125,-6.8,47136,-6.2,47147,-5.5,47158,-4.9,47168,-4.1,47179,-3.1,47190,-1.6,47201,-0.8,47212,-0.3,47222,0.3,47234,0.7,47244,1.1,47255,1.7,47265,2.3,47277,3.2,47287,4.6,47298,6.8,47309,9.6,47320,12.0,47331,13.1,47341,15.0,47352,18.6,47363,20.2,47374,20.7,47384,21.1,47395,21.2,47407,21.1,47417,20.9,47428,20.4,47438,20.0,47450,19.4,47460,18.7,47471,18.0,47481,17.4,47493,16.6,47504,15.8,47514,14.9,47525,14.0,47536,12.9,47547,11.8,47557,10.7,47568,9.5,47579,8.2,47590,7.0,47601,5.9,47611,4.6,47623,3.5,47633,2.7,47644,1.9,47654,1.0,47666,-0.2,47676,-2.6,47687,-5.8,47698,-7.5,47709,-8.1,47720,-8.6,47730,-9.0,47741,-9.6,47752,-10.0,47763,-10.5,47773,-10.8,47784,-11.0,47796,-11.1,47806,-11.1,47817,-11.2,47827,-11.4,~~
-6.4,47979,-5.8,47990,-5.1,48001,-4.5,48012,-3.6,48022,-2.3,48033,-1.1,48044,-0.5,48055,-0.0,48065,0.5,48076,0.9,48088,1.3,48098,1.9,48109,2.7,48119,3.8,48131,5.7,48141,8.6,48152,11.8,48162,13.7,48174,14.1,48185,16.2,48195,19.6,48206,20.5,48217,21.0,48228,21.1,48238,21.1,48249,20.9,48260,20.6,48271,20.2,48282,19.6,48292,19.0,48304,18.3,48314,17.6,48325,17.0,48335,16.1,48347,15.3,48357,14.4,48368,13.4,48379,12.3,48390,11.2,48401,10.0,48411,8.8,48422,7.5,48433,6.3,48444,5.1,48454,3.9,48465,3.1,48477,2.2,48487,1.3,48498,0.3,48508,-1.6,48520,-4.6,48530,-7.0,48541,-7.9,48551,-8.4,48563,-8.9,48574,-9.4,48584,-9.9,48595,-10.3,48606,-10.6,48617,-10.8,48627,-11.0,48638,-11.1,48650,-11.2,48660,-11.3,48671,-11.4,48681,-11.4,48693,-11.1,48703,-10.8,48714,-10.3,48724,-10.0,48736,-9.7,48747,-9.4,48757,-8.8,48769,-8.2,48779,-7.7,48790,-7.2,48800,-6.7,48812,-6.0,48822,-5.4,48833,-4.7,48844,-4.0,48855,-2.8,48866,-1.4,48876,-0.7,48887,-0.2,48898,0.4,48909,0.8,48919,1.2,48930,1.8,48942,2.4,48952,3.4,48963,4.9,48973,7.2,48985,10.1,48995,12.3,49006,13.5,49016,15.4,49028,18.8,49039,20.3,49049,20.8,49060,21.1,49071,21.2,49082,21.1,49092,20.8,49103,20.4,49114,19.8,49125,19.2,49136,18.6,49146,17.9,49158,17.2,49168,16.5,49179,15.7,49189,14.8,49201,13.8,49212,12.8,49222,11.6,49233,10.5,49244,9.3,49255,8.0,49265,6.8,49276,5.6,49287,4.4,49298,3.5,49309,2.6,49319,1.7,49331,0.8,49341,-0.6,49352,-3.2,49362,-6.2,49374,-7.7,49384,-8.2,49395,-8.7,49406,-9.1,49417,-9.7,49428,-10.2,49438,-10.5,49449,-10.7,49460,-11.0,49471,-11.1,49482,-11.2,49492,-11.3,49504,-11.3,49514,-11.4,49525,-11.3,49536,-10.9,49547,-10.5,49557,-10.2,49568,-9.8,49580,-9.5,49590,-9.1,49601,-8.4,49611,-7.9,49623,-7.4,49633,-6.9,49644,-6.3,49654,-5.6,49666,-5.0,49677,-4.3,49687,-3.4,49698,-1.9,49709,-0.9,49720,-0.4,49730,0.1,49741,0.6,49752,1.0,49763,1.5,49774,2.1,49784,2.9,49796,4.1,49806,6.1,49817,9.1,49827,12.3,49839,13.8,49850,14.0,49860,16.2,49871,19.6,49882,20.6,49893,21.0,49903,21.1,49914,21.2,49925,20.9,49936,20.5,49947,20.1,49957,19.4,49969,18.9,49979,18.1,49990,17.5,50000,16.8,50012,16.0,50022,15.2,50033,14.2,50044,13.2,50055,12.0,50066,10.9,50076,9.7,50087,8.5,50098,7.2,50109,6.3,50119,5.0,50130,3.9,50142,3.1,50152,2.1,50163,1.2,50173,0.0,50185,-2.0,50195,-5.1,50206,-7.3,50216,-8.0,50228,-8.5,50239,-9.0,50249,-9.5,50260,-10.0,50271,-10.4,50282,-10.7,50292,-10.9,50304,-11.0,50315,-11.1,50325,-11.2,50336,-11.4,50347,-11.4,50358,-11.4,50368,-11.1,50379,-10.7,50390~~
-3.8,50531,-2.5,50541,-1.2,50552,-0.6,50563,-0.1,50574,0.4,50584,0.8,50595,1.2,50606,1.8,50617,2.5,50628,3.6,50638,5.3,50650,7.8,50660,10.9,50671,13.0,50681,13.8,50693,16.3,50703,19.5,50714,20.4,50725,20.9,50736,21.1,50747,21.2,50757,21.0,50768,20.7,50779,20.2,50790,19.6,50801,19.1,50811,18.4,50823,17.7,50833,17.1,50844,16.3,50854,15.5,50866,14.5,50876,13.6,50887,12.5,50898,11.3,50909,10.2,50920,8.9,50930,7.6,50941,6.4,50952,5.2,50963,4.0,50973,3.0,50984,2.2,50996,1.4,51006,0.5,51017,-1.2,51027,-4.1,51039,-6.7,51049,-7.8,51060,-8.3,51070,-8.8,51082,-9.3,51093,-9.8,51103,-10.3,51115,-10.6,51125,-10.9,51136,-11.0,51146,-11.1,51158,-11.2,51168,-11.3,51179,-11.4,51190,-11.4,51201,-11.2,51212,-10.8,51222,-10.4,51233,-10.0,51244,-9.8,51255,-9.5,51265,-9.0,51276,-8.3,51288,-7.8,51298,-7.3,51309,-6.8,51319,-6.2,51331,-5.5,51341,-4.9,51352,-4.1,51362,-3.2,51374,-1.7,51385,-0.8,51395,-0.3,51406,0.2,51417,0.7,51428,1.1,51438,1.6,51449,2.3,51460,3.2,51471,4.6,51482,6.8,51492,9.7,51504,12.0,51514,13.3,51525,16.5,51535,19.4,51547,20.2,51557,20.7,51568,21.0,51579,21.1,51590,21.1,51601,20.8,51611,20.4,51622,19.9,51633,19.3,51644,18.7,51654,17.9,51665,17.3,51677,16.6,51687,15.8,51698,14.9,51708,13.9,51720,12.9,51730,11.8,51741,10.6,51752,9.4,51763,8.2,51774,6.8,51784,5.5,51795,4.1,51806,3.2,51817,2.5,51827,1.7,51838,0.7,51849,-0.8,51860,-3.3,51871,-6.2,51881,-7.6,51893,-8.2,51903,-8.6,51914,-9.1,51924,-9.6,51936,-10.1,51947,-10.5,51957,-10.7,51969,-11.0,51979,-11.1,51990,-11.1,52000,-11.2,52012,-11.3,52022,-11.4,52033,-11.3,52044,-11.0,52055,-10.5,52066,-10.1,52076,-9.8,52087,-9.6,52098,-9.2,52109,-8.5,52119,-8.0,52130,-7.5,52142,-7.0,52152,-6.4,52163,-5.8,52173,-5.1,52185,-4.4,52195,-3.6,52206,-2.3,52216,-1.1,52228,-0.5,52239,0.1,52249,0.5,52260,0.9,52271,1.4,52282,2.0,52292,2.8,52303,4.0,52314,5.9,52325,8.8,52335,11.8,52346,13.4,52358,14.0,52368,16.9,52379,19.8,52389,20.5,52401,20.9,52411,21.1,52422,21.1,52433,20.9,52444,20.6,52455,20.1,52465,19.5,52476,18.9,52487,18.3,52498,17.6,52508,16.9,52519,16.1,52531,15.3,52541,14.3,52552,13.3,52562,12.2,52574,11.1,52584,9.9,52595,8.7,52605,7.4,52617,6.1,52628,4.8,52638,3.8,52649,2.9,52660,2.1,52671,1.1,52681,0.1,52692,-1.8,52703,-4.8,52714,-7.1,52725,-8.0,52736,-8.4,52747,-8.9,52757,-9.4,52768,-9.9,52779,-10.3,52790,-10.6,52800,-10.9,52811,-11.1,52823,-11.1,52833,-11.2,52844,-11.3,52854,-11.4,52866,-11.4,52876,-11.2,52887,-10.7,52897,-10.3,52909,-
